IP_Address, IP_Pool
10.179.90.0,1
10.179.90.1,1
10.179.90.2,1
10.179.90.3,1
10.179.90.4,1
10.179.90.5,1
10.179.90.6,1
10.179.90.7,1
10.179.90.8,1
10.179.90.9,1
10.179.90.10,1
10.179.90.11,1
10.179.90.12,1
10.179.90.13,1
10.179.90.14,1
10.179.90.15,1
10.179.90.16,1
10.179.90.17,1
10.179.90.18,1
10.179.90.19,1
10.179.90.20,1
10.179.90.21,1
10.179.90.22,1
10.179.90.23,1
10.179.90.24,1
10.179.90.25,1
10.179.90.26,1
10.179.90.27,1
10.179.90.28,1
10.179.90.29,1
10.179.90.30,1
10.179.90.31,1
10.179.90.32,1
10.179.90.33,1
10.179.90.34,1
10.179.90.35,1
10.179.90.36,1
10.179.90.37,1
10.179.90.38,1
10.179.90.39,1
10.179.90.40,1
10.179.90.41,1
10.179.90.42,1
10.179.90.43,1
10.179.90.44,1
10.179.90.45,1
10.179.90.46,1
10.179.90.47,1
10.179.90.48,1
10.179.90.49,1
10.179.90.50,1
10.179.90.51,1
10.179.90.52,1
10.179.90.53,1
10.179.90.54,1
10.179.90.55,1
10.179.90.56,1
10.179.90.57,1
10.179.90.58,1
10.179.90.59,1
10.179.90.60,1
10.179.90.61,1
10.179.90.62,1
10.179.90.63,1
10.179.90.64,1
10.179.90.65,1
10.179.90.66,1
10.179.90.67,1
10.179.90.68,1
10.179.90.69,1
10.179.90.70,1
10.179.90.71,1
10.179.90.72,1
10.179.90.73,1
10.179.90.74,1
10.179.90.75,1
10.179.90.76,1
10.179.90.77,1
10.179.90.78,1
10.179.90.79,1
10.179.90.80,1
10.179.90.81,1
10.179.90.82,1
10.179.90.83,1
10.179.90.84,1
10.179.90.85,1
10.179.90.86,1
10.179.90.87,1
10.179.90.88,1
10.179.90.89,1
10.179.90.90,1
10.179.90.91,1
10.179.90.92,1
10.179.90.93,1
10.179.90.94,1
10.179.90.95,1
10.179.90.96,1
10.179.90.97,1
10.179.90.98,1
10.179.90.99,1
10.179.90.100,1
10.179.90.101,1
10.179.90.102,1
10.179.90.103,1
10.179.90.104,1
10.179.90.105,1
10.179.90.106,1
10.179.90.107,1
10.179.90.108,1
10.179.90.109,1
10.179.90.110,1
10.179.90.111,1
10.179.90.112,1
10.179.90.113,1
10.179.90.114,1
10.179.90.115,1
10.179.90.116,1
10.179.90.117,1
10.179.90.118,1
10.179.90.119,1
10.179.90.120,1
10.179.90.121,1
10.179.90.122,1
10.179.90.123,1
10.179.90.124,1
10.179.90.125,1
10.179.90.126,1
10.179.90.127,1
10.179.90.128,1
10.179.90.129,1
10.179.90.130,1
10.179.90.131,1
10.179.90.132,1
10.179.90.133,1
10.179.90.134,1
10.179.90.135,1
10.179.90.136,1
10.179.90.137,1
10.179.90.138,1
10.179.90.139,1
10.179.90.140,1
10.179.90.141,1
10.179.90.142,1
10.179.90.143,1
10.179.90.144,1
10.179.90.145,1
10.179.90.146,1
10.179.90.147,1
10.179.90.148,1
10.179.90.149,1
10.179.90.150,1
10.179.90.151,1
10.179.90.152,1
10.179.90.153,1
10.179.90.154,1
10.179.90.155,1
10.179.90.156,1
10.179.90.157,1
10.179.90.158,1
10.179.90.159,1
10.179.90.160,1
10.179.90.161,1
10.179.90.162,1
10.179.90.163,1
10.179.90.164,1
10.179.90.165,1
10.179.90.166,1
10.179.90.167,1
10.179.90.168,1
10.179.90.169,1
10.179.90.170,1
10.179.90.171,1
10.179.90.172,1
10.179.90.173,1
10.179.90.174,1
10.179.90.175,1
10.179.90.176,1
10.179.90.177,1
10.179.90.178,1
10.179.90.179,1
10.179.90.180,1
10.179.90.181,1
10.179.90.182,1
10.179.90.183,1
10.179.90.184,1
10.179.90.185,1
10.179.90.186,1
10.179.90.187,1
10.179.90.188,1
10.179.90.189,1
10.179.90.190,1
10.179.90.191,1
10.179.90.192,1
10.179.90.193,1
10.179.90.194,1
10.179.90.195,1
10.179.90.196,1
10.179.90.197,1
10.179.90.198,1
10.179.90.199,1
10.179.90.200,1
10.179.90.201,1
10.179.90.202,1
10.179.90.203,1
10.179.90.204,1
10.179.90.205,1
10.179.90.206,1
10.179.90.207,1
10.179.90.208,1
10.179.90.209,1
10.179.90.210,1
10.179.90.211,1
10.179.90.212,1
10.179.90.213,1
10.179.90.214,1
10.179.90.215,1
10.179.90.216,1
10.179.90.217,1
10.179.90.218,1
10.179.90.219,1
10.179.90.220,1
10.179.90.221,1
10.179.90.222,1
10.179.90.223,1
10.179.90.224,1
10.179.90.225,1
10.179.90.226,1
10.179.90.227,1
10.179.90.228,1
10.179.90.229,1
10.179.90.230,1
10.179.90.231,1
10.179.90.232,1
10.179.90.233,1
10.179.90.234,1
10.179.90.235,1
10.179.90.236,1
10.179.90.237,1
10.179.90.238,1
10.179.90.239,1
10.179.90.240,1
10.179.90.241,1
10.179.90.242,1
10.179.90.243,1
10.179.90.244,1
10.179.90.245,1
10.179.90.246,1
10.179.90.247,1
10.179.90.248,1
10.179.90.249,1
10.179.90.250,1
10.179.90.251,1
10.179.90.252,1
10.179.90.253,1
10.179.90.254,1
10.179.90.255,1
10.179.91.0,1
10.179.91.1,1
10.179.91.2,1
10.179.91.3,1
10.179.91.4,1
10.179.91.5,1
10.179.91.6,1
10.179.91.7,1
10.179.91.8,1
10.179.91.9,1
10.179.91.10,1
10.179.91.11,1
10.179.91.12,1
10.179.91.13,1
10.179.91.14,1
10.179.91.15,1
10.179.91.16,1
10.179.91.17,1
10.179.91.18,1
10.179.91.19,1
10.179.91.20,1
10.179.91.21,1
10.179.91.22,1
10.179.91.23,1
10.179.91.24,1
10.179.91.25,1
10.179.91.26,1
10.179.91.27,1
10.179.91.28,1
10.179.91.29,1
10.179.91.30,1
10.179.91.31,1
10.179.91.32,1
10.179.91.33,1
10.179.91.34,1
10.179.91.35,1
10.179.91.36,1
10.179.91.37,1
10.179.91.38,1
10.179.91.39,1
10.179.91.40,1
10.179.91.41,1
10.179.91.42,1
10.179.91.43,1
10.179.91.44,1
10.179.91.45,1
10.179.91.46,1
10.179.91.47,1
10.179.91.48,1
10.179.91.49,1
10.179.91.50,1
10.179.91.51,1
10.179.91.52,1
10.179.91.53,1
10.179.91.54,1
10.179.91.55,1
10.179.91.56,1
10.179.91.57,1
10.179.91.58,1
10.179.91.59,1
10.179.91.60,1
10.179.91.61,1
10.179.91.62,1
10.179.91.63,1
10.179.91.64,1
10.179.91.65,1
10.179.91.66,1
10.179.91.67,1
10.179.91.68,1
10.179.91.69,1
10.179.91.70,1
10.179.91.71,1
10.179.91.72,1
10.179.91.73,1
10.179.91.74,1
10.179.91.75,1
10.179.91.76,1
10.179.91.77,1
10.179.91.78,1
10.179.91.79,1
10.179.91.80,1
10.179.91.81,1
10.179.91.82,1
10.179.91.83,1
10.179.91.84,1
10.179.91.85,1
10.179.91.86,1
10.179.91.87,1
10.179.91.88,1
10.179.91.89,1
10.179.91.90,1
10.179.91.91,1
10.179.91.92,1
10.179.91.93,1
10.179.91.94,1
10.179.91.95,1
10.179.91.96,1
10.179.91.97,1
10.179.91.98,1
10.179.91.99,1
10.179.91.100,1
10.179.91.101,1
10.179.91.102,1
10.179.91.103,1
10.179.91.104,1
10.179.91.105,1
10.179.91.106,1
10.179.91.107,1
10.179.91.108,1
10.179.91.109,1
10.179.91.110,1
10.179.91.111,1
10.179.91.112,1
10.179.91.113,1
10.179.91.114,1
10.179.91.115,1
10.179.91.116,1
10.179.91.117,1
10.179.91.118,1
10.179.91.119,1
10.179.91.120,1
10.179.91.121,1
10.179.91.122,1
10.179.91.123,1
10.179.91.124,1
10.179.91.125,1
10.179.91.126,1
10.179.91.127,1
10.179.91.128,1
10.179.91.129,1
10.179.91.130,1
10.179.91.131,1
10.179.91.132,1
10.179.91.133,1
10.179.91.134,1
10.179.91.135,1
10.179.91.136,1
10.179.91.137,1
10.179.91.138,1
10.179.91.139,1
10.179.91.140,1
10.179.91.141,1
10.179.91.142,1
10.179.91.143,1
10.179.91.144,1
10.179.91.145,1
10.179.91.146,1
10.179.91.147,1
10.179.91.148,1
10.179.91.149,1
10.179.91.150,1
10.179.91.151,1
10.179.91.152,1
10.179.91.153,1
10.179.91.154,1
10.179.91.155,1
10.179.91.156,1
10.179.91.157,1
10.179.91.158,1
10.179.91.159,1
10.179.91.160,1
10.179.91.161,1
10.179.91.162,1
10.179.91.163,1
10.179.91.164,1
10.179.91.165,1
10.179.91.166,1
10.179.91.167,1
10.179.91.168,1
10.179.91.169,1
10.179.91.170,1
10.179.91.171,1
10.179.91.172,1
10.179.91.173,1
10.179.91.174,1
10.179.91.175,1
10.179.91.176,1
10.179.91.177,1
10.179.91.178,1
10.179.91.179,1
10.179.91.180,1
10.179.91.181,1
10.179.91.182,1
10.179.91.183,1
10.179.91.184,1
10.179.91.185,1
10.179.91.186,1
10.179.91.187,1
10.179.91.188,1
10.179.91.189,1
10.179.91.190,1
10.179.91.191,1
10.179.91.192,1
10.179.91.193,1
10.179.91.194,1
10.179.91.195,1
10.179.91.196,1
10.179.91.197,1
10.179.91.198,1
10.179.91.199,1
10.179.91.200,1
10.179.91.201,1
10.179.91.202,1
10.179.91.203,1
10.179.91.204,1
10.179.91.205,1
10.179.91.206,1
10.179.91.207,1
10.179.91.208,1
10.179.91.209,1
10.179.91.210,1
10.179.91.211,1
10.179.91.212,1
10.179.91.213,1
10.179.91.214,1
10.179.91.215,1
10.179.91.216,1
10.179.91.217,1
10.179.91.218,1
10.179.91.219,1
10.179.91.220,1
10.179.91.221,1
10.179.91.222,1
10.179.91.223,1
10.179.91.224,1
10.179.91.225,1
10.179.91.226,1
10.179.91.227,1
10.179.91.228,1
10.179.91.229,1
10.179.91.230,1
10.179.91.231,1
10.179.91.232,1
10.179.91.233,1
10.179.91.234,1
10.179.91.235,1
10.179.91.236,1
10.179.91.237,1
10.179.91.238,1
10.179.91.239,1
10.179.91.240,1
10.179.91.241,1
10.179.91.242,1
10.179.91.243,1
10.179.91.244,1
10.179.91.245,1
10.179.91.246,1
10.179.91.247,1
10.179.91.248,1
10.179.91.249,1
10.179.91.250,1
10.179.91.251,1
10.179.91.252,1
10.179.91.253,1
10.179.91.254,1
10.179.91.255,1